,Dates,FX,PPI,Pair,3m,6m,12m,months,fitted,FX_eff,ret,ret_eff
0,1983-01-01,0.9677,0.6322321940042009,AUDUSD,0.0,0.0,0.0,1.0,0.8508306943677046,0.9677,,
1,1983-02-28,0.9545,0.6322321940042009,AUDUSD,0.0,0.0,0.0,2.0,0.8508306943677046,0.9545,,
2,1983-03-31,0.8642,0.6334417447866845,AUDUSD,0.0,0.0,0.0,3.0,0.8502928871508617,0.8642,,
3,1983-04-29,0.8671,0.6341696992913235,AUDUSD,0.0,0.0,0.0,4.0,0.8499692139394531,0.8671,,
4,1983-05-31,0.8811,0.6316291491797024,AUDUSD,0.0,0.0,0.0,5.0,0.8510988285075787,0.8811,,
5,1983-06-30,0.8753,0.6675542031190568,AUDUSD,0.0,0.0,0.0,6.0,0.8351253335920645,0.8753,,
6,1983-07-29,0.8801,0.6662870159453304,AUDUSD,0.0,0.0,0.0,7.0,0.835688767899239,0.8753,,
7,1983-08-31,0.8782,0.6650246305418719,AUDUSD,0.0,0.0,0.0,8.0,0.8362500671768296,0.8753,,
8,1983-09-30,0.8971,0.6745910992772918,AUDUSD,0.0,0.0,0.0,9.0,0.8319964913864462,0.8753,,
9,1983-10-31,0.9135,0.6687405731523378,AUDUSD,0.0,0.0,0.0,10.0,0.8345978333209021,0.8753,,
10,1983-11-30,0.9147,0.670637171487994,AUDUSD,0.0,0.0,0.0,11.0,0.833754541507826,0.8753,,
11,1983-12-30,0.902,0.6709482432942955,AUDUSD,0.00403,0.00133,0.0,12.0,0.8336162284540807,0.8753,-0.06789294202748786,-0.09548413764596475
12,1984-01-31,0.9178,0.6651685393258427,AUDUSD,-0.0008730000000000001,-0.0044729999999999995,0.0,13.0,0.8361860804606804,0.8753,-0.03844944997380839,-0.08297537977998959
13,1984-02-29,0.9429,0.6625629546726358,AUDUSD,-0.005999,-0.009099,0.0,14.0,0.8373446115871808,0.8753,0.09106688266604945,0.01284424901643133
14,1984-03-30,0.935,0.6672872835598586,AUDUSD,-0.0065980000000000006,-0.009798000000000001,0.0,15.0,0.8352440150623527,0.8753,0.07830700034598093,0.009456810056510223
15,1984-04-30,0.9201,0.6672872835598586,AUDUSD,-0.006899,-0.008199,0.0,16.0,0.8352440150623527,0.8753,0.044262853251617384,-0.006582680739984137
16,1984-05-31,0.8992,0.6679090570257176,AUDUSD,-0.0037689999999999998,-0.002769,0.0,17.0,0.8349675535346326,0.8753,0.02730492402604834,0.0
17,1984-06-29,0.8613,0.6766679090570258,AUDUSD,-0.000271,-0.002971,0.0,18.0,0.8310730714658228,0.8753,-0.021361208953528,0.0
18,1984-07-31,0.83,0.6734050445103857,AUDUSD,-0.000269,0.0016309999999999999,0.0,0.0,0.8325238514795076,0.83,-0.05488499202915054,-0.051753684451045334
19,1984-08-31,0.8488,0.6760379817538634,AUDUSD,0.0036030000000000003,0.007703,0.0,1.0,0.831353158465586,0.8488,-0.05384015159959876,-0.030275334171141255
20,1984-09-28,0.833,0.6956928838951311,AUDUSD,0.000901,0.000901,0.0,2.0,0.8226139237257173,0.833,-0.08812260536398464,-0.04832628812978412
21,1984-10-31,0.8487,0.6909057095034405,AUDUSD,-0.0007689999999999999,-0.0017690000000000002,0.0,3.0,0.8247424634889263,0.8487,-0.07215480485405046,-0.030389580715183273
22,1984-11-30,0.8596,0.6889836795252225,AUDUSD,-0.004370000000000001,-0.01187,0.0,4.0,0.8255970630710552,0.8596,-0.047006651884700656,-0.017936707414600628
23,1984-12-31,0.8278,0.6989966555183946,AUDUSD,-0.007072,-0.016572,0.0,5.0,0.8211449550412079,0.8278,-0.0980605796469819,-0.05426710841997029
24,1985-01-31,0.815,0.6983478745127157,AUDUSD,-0.008898999999999999,-0.01699,0.0,0.0,0.8214334250352402,0.815,-0.13564534945381268,-0.06889066605735183
25,1985-02-28,0.7138,0.697700296735905,AUDUSD,-0.007999,-0.013199,0.0,0.0,0.8217213600329927,0.7138,-0.23657754010695198,-0.18450816862789898
26,1985-03-29,0.7051,0.7041024689066271,AUDUSD,-0.010171,-0.015671,0.0,0.0,0.8188747375953505,0.7051,-0.23367025323334423,-0.19444761795955678
27,1985-04-30,0.6523,0.7020173977419951,AUDUSD,-0.011290000000000001,-0.018199,0.0,0.0,0.8198018308073176,0.6523,-0.2745774021352313,-0.25476979321375526
28,1985-05-31,0.658,0.6994283606859673,AUDUSD,-0.011869,-0.019869,0.0,0.0,0.8209530043120353,0.658,-0.23603854638337385,-0.24825774020335878
29,1985-06-28,0.6655,0.7178683385579938,AUDUSD,-0.012799,-0.021799000000000002,0.0,0.0,0.8127539660230951,0.6655,-0.1981927710843373,-0.1981927710843373
30,1985-07-31,0.7271,0.7157565728994301,AUDUSD,-0.012369,-0.022269,0.0,0.0,0.8136929285105773,0.7271,-0.14337888784165886,-0.14337888784165886
31,1985-08-30,0.7034,0.7191945316829854,AUDUSD,-0.016669999999999997,-0.029869999999999997,0.0,0.0,0.8121642956728486,0.7034,-0.1555822328931572,-0.1555822328931572
32,1985-09-30,0.7077,0.7369996258885148,AUDUSD,-0.014199000000000002,-0.025799000000000002,0.0,0.0,0.8042475481505655,0.7077,-0.16613644397313543,-0.16613644397313543
33,1985-10-31,0.7002,0.7250644092749355,AUDUSD,-0.014169,-0.026869,0.0,0.0,0.8095543494211885,0.7002,-0.1854350860865519,-0.1854350860865519
34,1985-11-29,0.685,0.7209515096065874,AUDUSD,-0.016980000000000002,-0.031398,0.0,0.0,0.8113830838206214,0.685,-0.17250543609567515,-0.17250543609567515
35,1985-12-31,0.6809,0.7295620437956204,AUDUSD,-0.017998,-0.033498,0.0,0.0,0.8075545488845135,0.6809,-0.16453987730061348,-0.16453987730061348
36,1986-01-31,0.7155,0.7323685656713683,AUDUSD,-0.016569,-0.030369,0.0,0.0,0.8063066742678681,0.7155,0.002381619501260923,0.002381619501260923
37,1986-02-28,0.7012,0.7425705794947993,AUDUSD,-0.015472,-0.028172000000000003,0.0,0.0,0.8017705136204358,0.7012,-0.005531130336122403,-0.005531130336122403
38,1986-03-31,0.7119,0.7644394110985278,AUDUSD,-0.014299000000000001,-0.024999,0.0,0.0,0.7920468909079944,0.7119,0.09136900199294806,0.09136900199294806
39,1986-04-30,0.7391,0.7676269901440486,AUDUSD,-0.015569999999999999,-0.0269,0.0,0.0,0.790629585376251,0.7391,0.1232522796352582,0.1232522796352582
40,1986-05-30,0.7166,0.7653061224489796,AUDUSD,-0.0131,-0.0241,0.0,0.0,0.7916615217065165,0.7166,0.07678437265214133,0.07678437265214133
41,1986-06-30,0.6772,0.7741874527588812,AUDUSD,-0.01207,-0.02137,0.0,0.0,0.787712581649594,0.6772,-0.06862879933984312,-0.06862879933984312
42,1986-07-31,0.598,0.7796384395813512,AUDUSD,-0.013499,-0.026699,0.0,0.0,0.7852888884119933,0.598,-0.14984361671879454,-0.14984361671879454
43,1986-08-29,0.6085,0.7805296246904172,AUDUSD,-0.018571,-0.034270999999999996,0.0,0.0,0.7848926373490865,0.6085,-0.14017238943054966,-0.14017238943054966
44,1986-09-30,0.6274,0.8028517110266159,AUDUSD,-0.01747,-0.0325,0.0,0.0,0.7749674822415438,0.6274,-0.10397029420165682,-0.10397029420165682
45,1986-10-31,0.642,0.7979969765684051,AUDUSD,-0.015797,-0.029897000000000003,0.0,0.0,0.7771260614969935,0.642,-0.06277372262773728,-0.06277372262773728
46,1986-11-28,0.6488,0.7970932427331068,AUDUSD,-0.015099000000000001,-0.028999,0.0,0.0,0.7775278921483122,0.6488,-0.04714348656190326,-0.04714348656190326
47,1986-12-31,0.6648,0.8148357870894678,AUDUSD,-0.01289,-0.025969,0.0,0.0,0.7696389564060571,0.6648,-0.07085953878406714,-0.07085953878406714
48,1987-01-30,0.6608,0.8082756038195096,AUDUSD,-0.01677,-0.03197,0.0,0.0,0.7725558359265281,0.6608,-0.05761551625784367,-0.05761551625784367
49,1987-02-27,0.6748,0.8051100335695637,AUDUSD,-0.016173,-0.031373000000000005,0.0,0.0,0.7739633556028402,0.6748,-0.05211406096361848,-0.05211406096361848
50,1987-03-31,0.7053,0.8129429317418875,AUDUSD,-0.015869,-0.030069,0.0,0.0,0.770480583959948,0.7053,-0.04573129481802185,-0.04573129481802185
51,1987-04-30,0.7048,0.8072222222222223,AUDUSD,-0.0128,-0.0238,0.0,0.0,0.7730242050378666,0.7048,-0.01646664806028475,-0.01646664806028475
52,1987-05-29,0.7137,0.8039468830689783,AUDUSD,-0.011498999999999999,-0.021599,0.0,0.0,0.7744805316838683,0.7137,0.05389840519787348,0.05389840519787348
53,1987-06-30,0.7203,0.8074659801397571,AUDUSD,-0.01087,-0.02157,0.0,0.0,0.7729158220174004,0.7203,0.20451505016722415,0.20451505016722415
54,1987-07-31,0.6978,0.8043597728521706,AUDUSD,-0.009770000000000001,-0.019597,0.0,0.0,0.7742969469114244,0.6978,0.1467543138866063,0.1467543138866063
55,1987-08-31,0.7124,0.8018626734842951,AUDUSD,-0.008790000000000001,-0.018169,0.0,0.0,0.775407241808229,0.7124,0.13547975773031573,0.13547975773031573
56,1987-09-30,0.7194,0.8186481040483604,AUDUSD,-0.00557,-0.01047,0.0,0.0,0.7679438712528937,0.7194,0.12056074766355152,0.12056074766355152
57,1987-10-30,0.6757,0.8129889030380207,AUDUSD,-0.009770000000000001,-0.020669999999999997,0.0,0.0,0.7704601435657239,0.6757,0.04146115906288528,0.04146115906288528
58,1987-11-30,0.7052,0.8113652868554829,AUDUSD,-0.007098999999999999,-0.014999,0.0,0.0,0.771182058274058,0.7052,0.060770156438026524,0.060770156438026524
59,1987-12-31,0.7225,0.8217335998546247,AUDUSD,-0.006296,-0.013896,0.0,0.0,0.7665719553844748,0.7225,0.09337167070217922,0.09337167070217922
60,1988-01-29,0.7138,0.8193513317630006,AUDUSD,-0.006571,-0.013671,0.0,0.0,0.7676311924092316,0.7138,0.05779490219324246,0.05779490219324246
61,1988-02-29,0.7198,0.8177215189873418,AUDUSD,-0.006998999999999999,-0.014599,0.0,0.0,0.7683558623325997,0.7198,0.020558627534382534,0.020558627534382534
62,1988-03-31,0.7388,0.836101083032491,AUDUSD,-0.008169,-0.016069,0.0,0.0,0.7601836860758802,0.7388,0.048240635641316754,0.048240635641316754
63,1988-04-29,0.7585,0.8311501884083977,AUDUSD,-0.007571,-0.014571,0.0,0.0,0.7623850213957575,0.7585,0.06277147260753813,0.06277147260753813
64,1988-05-31,0.8051,0.8271428571428572,AUDUSD,-0.009869,-0.018769,0.0,1.0,0.7641668165101908,0.8051,0.11772872414271829,0.11772872414271829
65,1988-06-30,0.794,0.8370396726561109,AUDUSD,-0.00999,-0.019599000000000002,0.0,2.0,0.7597663573613302,0.794,0.1378618515333907,0.1378618515333907
66,1988-07-29,0.8045,0.8323014328675039,AUDUSD,-0.008971,-0.017371,0.0,3.0,0.7618731391437479,0.8045,0.12928130263896676,0.12928130263896676
67,1988-08-31,0.8069,0.8306850282485875,AUDUSD,-0.009299,-0.01789,0.0,4.0,0.7625918473468103,0.8069,0.12162913539060316,0.12162913539060316
68,1988-09-30,0.7829,0.8472810734463277,AUDUSD,-0.009696999999999999,-0.019097,0.0,5.0,0.7552126839353577,0.7829,0.15865028858961083,0.15865028858961083
69,1988-10-31,0.8256,0.8432612897557548,AUDUSD,-0.010669,-0.021269,0.0,6.0,0.7570000158194302,0.8256,0.1707317073170731,0.1707317073170731
70,1988-11-30,0.8781,0.8392794683455754,AUDUSD,-0.011470000000000001,-0.02317,0.0,7.0,0.7587704683887528,0.8256,0.21536332179930784,0.14269896193771614
71,1988-12-30,0.8555,0.8425183118242064,AUDUSD,-0.0124,-0.0244,-2.2522522522522522e-07,8.0,0.7573303689549318,0.8256,0.19851499019333163,0.15662650602409633
72,1989-01-31,0.889,0.8337935795650674,AUDUSD,-0.0121,-0.0252,-2.053388090349076e-07,9.0,0.7612096802182033,0.8256,0.23506529591553216,0.14698527368713532
73,1989-02-28,0.8015,0.8307824591573517,AUDUSD,-0.0115,-0.0229,-2.352941176470588e-07,10.0,0.7625485262670872,0.8256,0.08486735246345423,0.11748781808337849
74,1989-03-31,0.8195,0.8414571575166753,AUDUSD,-0.0138,-0.0259,-2.2471910112359554e-07,11.0,0.7578021940763231,0.8256,0.0804218852999341,0.0884640738299276
75,1989-04-28,0.7942,0.8344640434192674,AUDUSD,-0.0135,-0.0257,-2.173913043478261e-07,12.0,0.7609115692958321,0.8256,-0.013538690845857682,0.025462675444044125
76,1989-05-31,0.7525,0.8291203235591507,AUDUSD,-0.0154,-0.0301,-1.7953321364452423e-07,0.0,0.7632875680113691,0.8256,-0.052267002518891825,0.039798488664987364
77,1989-06-30,0.756,0.8528816986855409,AUDUSD,-0.016,-0.031,-1.7482517482517481e-07,1.0,0.7527224563929498,0.8256,-0.060285891858297025,0.026227470478558113
78,1989-07-31,0.7605,0.8544656424109405,AUDUSD,-0.0166,-0.0317,-1.7699115044247788e-07,2.0,0.7520181814018296,0.8256,-0.05750402776056518,0.023175114636262206
79,1989-08-31,0.765,0.8567800914169629,AUDUSD,-0.0163,-0.0299,-1.937984496124031e-07,3.0,0.7509890990379637,0.8256,-0.02286371184059266,0.05454080980968179
80,1989-09-29,0.7785,0.8694918115819686,AUDUSD,-0.0189,-0.0345,-1.5794544564307488e-07,4.0,0.7453370380065196,0.8256,-0.05704941860465118,0.0
81,1989-10-31,0.7825,0.8625020934516832,AUDUSD,-0.018126,-0.034933,-1.5401201293700906e-07,5.0,0.7484449032641047,0.8256,-0.10887142694453933,0.0
82,1989-11-30,0.7865,0.8625020934516832,AUDUSD,-0.022053,-0.037545,-1.549354693770045e-07,6.0,0.7484449032641047,0.7865,-0.08065458796025726,-0.04735949612403101
83,1989-12-29,0.789,0.8741223671013039,AUDUSD,-0.016,-0.029,-1.8867924528301886e-07,7.0,0.7432781362949461,0.7865,-0.11248593925759276,-0.04735949612403101
84,1990-01-31,0.7736,0.860882449785973,AUDUSD,-0.0157,-0.0275,-2.0325203252032523e-07,8.0,0.7491650516570019,0.7865,-0.0348097317529632,-0.04735949612403101
85,1990-02-28,0.7606,0.8647263105672234,AUDUSD,-0.0138,-0.0258,-2.2172949002217296e-07,9.0,0.7474559410527728,0.7865,-0.07187309334960335,-0.04735949612403101
86,1990-03-30,0.7555,0.8666556510244547,AUDUSD,-0.012,-0.0221,-2.439024390243902e-07,10.0,0.7465980909842411,0.7865,-0.04872828003021912,-0.04735949612403101
87,1990-04-30,0.7533,0.8643704680290046,AUDUSD,-0.0133,-0.0231,-2.409638554216868e-07,11.0,0.747614160689257,0.7865,0.0010631229235880113,-0.04735949612403101
88,1990-05-31,0.7688,0.8605414273995078,AUDUSD,-0.012933000000000002,-0.023844999999999998,-2.2303008675870374e-07,12.0,0.7493166817524075,0.7865,0.01693121693121702,-0.04735949612403101
89,1990-06-29,0.795,0.875143560295324,AUDUSD,-0.0144,-0.0255,-2.1834061135371177e-07,13.0,0.742824079237162,0.7865,0.04536489151873768,-0.04735949612403101
90,1990-07-31,0.7968,0.8742829044418948,AUDUSD,-0.0143,-0.0257,-2.1786492374727667e-07,14.0,0.7432067559597069,0.7865,0.04156862745098033,-0.04735949612403101
91,1990-08-31,0.8145,0.8636658031088084,AUDUSD,-0.0109,-0.0205,-2.6666666666666667e-07,15.0,0.7479274785631536,0.7865,0.046242774566473965,-0.04735949612403101
92,1990-09-28,0.8265,0.8559565633982754,AUDUSD,-0.0096,-0.018,-2.816901408450705e-07,16.0,0.7513552674685386,0.7865,0.056230031948881765,-0.04735949612403101
93,1990-10-31,0.7863,0.8421052631578948,AUDUSD,-0.0086,-0.0157,-3.2154340836012864e-07,17.0,0.7575140243721881,0.7865,-0.0002542911633820477,0.0
94,1990-11-30,0.7729,0.8414442700156985,AUDUSD,-0.007415000000000001,-0.014608000000000001,-3.2761106014939066e-07,18.0,0.757807924295453,0.7865,-0.020405576679340953,0.0
95,1990-12-31,0.7715,0.8494300189993668,AUDUSD,-0.0077,-0.015,-3.236245954692557e-07,19.0,0.7542571900083859,0.7715,-0.0027145811789037744,-0.019071837253655466
96,1991-01-31,0.7847,0.8515873015873016,AUDUSD,-0.0108,-0.0182,-2.9850746268656716e-07,20.0,0.7532979891535209,0.7715,0.03168551143833809,-0.019071837253655466
97,1991-02-28,0.7877,0.8567550303417438,AUDUSD,-0.0102,-0.0178,-3.1446540880503144e-07,21.0,0.7510002420402336,0.7715,0.04262078093977495,-0.019071837253655466
98,1991-03-29,0.7775,0.8625683939491471,AUDUSD,-0.0094,-0.0173,-3.246753246753247e-07,22.0,0.7484154238188985,0.7715,0.03212531527943718,-0.019071837253655466
99,1991-04-30,0.7838,0.8618748995015276,AUDUSD,-0.012651,-0.020834000000000002,-2.886169475871623e-07,23.0,0.748723774922607,0.7715,0.01951092611862637,-0.019071837253655466
100,1991-05-31,0.7597,0.8603531300160514,AUDUSD,-0.007370000000000001,-0.013869999999999999,-3.9888312724371763e-07,24.0,0.7494004051422825,0.7715,-0.044402515723270475,-0.019071837253655466
101,1991-06-28,0.7673,0.8653290529695024,AUDUSD,-0.007901,-0.014219999999999998,-3.702880841294527e-07,25.0,0.7471879413800535,0.7715,-0.03702309236947787,-0.019071837253655466
102,1991-07-31,0.7779,0.8668596237337193,AUDUSD,-0.0076,-0.0137,-3.8910505836575877e-07,26.0,0.7465073978139583,0.7715,-0.04493554327808469,-0.019071837253655466
103,1991-08-30,0.7848,0.8644964720974984,AUDUSD,-0.008925,-0.016311000000000003,-3.1626553654448275e-07,27.0,0.7475581350156195,0.7715,-0.05045372050816688,-0.019071837253655466
104,1991-09-30,0.7975,0.8729955099422707,AUDUSD,-0.0061340000000000006,-0.012925999999999998,-3.6961744594344853e-07,28.0,0.7437791751279208,0.7715,0.014243927254228739,-0.019071837253655466
105,1991-10-31,0.7834,0.8678463255220787,AUDUSD,-0.0061,-0.0145,-4.184100418410041e-07,29.0,0.7460686768025412,0.7715,0.01358519860266516,-0.019071837253655466
106,1991-11-29,0.7848,0.8670170409300844,AUDUSD,-0.006476999999999999,-0.012256,-4.3554006968641123e-07,30.0,0.7464374048004476,0.7715,0.01723914452365527,0.0
107,1991-12-31,0.7622,0.8757197696737044,AUDUSD,-0.0072,-0.0118,-5.154639175257732e-07,31.0,0.7425678770449157,0.7715,-0.02867337836115713,0.0
108,1992-01-31,0.7509,0.8765609990393852,AUDUSD,-0.004647999999999999,-0.010423,-4.822996045143243e-07,32.0,0.7421938379963406,0.7509,-0.04671829376666237,-0.02670123136746594
109,1992-02-28,0.755,0.8734843650287173,AUDUSD,-0.005603,-0.012623,-4.436557231588287e-07,33.0,0.7435618136104973,0.7509,-0.02893890675241151,-0.02670123136746594
110,1992-03-31,0.7705,0.8828311812529891,AUDUSD,-0.0053,-0.0103,-5.58659217877095e-07,34.0,0.7394059027610191,0.7509,-0.016968614442459895,-0.02670123136746594
111,1992-04-30,0.7566,0.8790476190476191,AUDUSD,-0.0051,-0.0073,-7.8125e-07,35.0,0.7410882025775214,0.7509,-0.004080558115045374,-0.02670123136746594
112,1992-05-29,0.7578,0.8737772167876302,AUDUSD,-0.0043,-0.0076,-7.874015748031496e-07,36.0,0.7434316018065041,0.7509,-0.012381076502020028,-0.02670123136746594
113,1992-06-30,0.7472,0.8756688700031476,AUDUSD,-0.004128,-0.007012000000000001,-8.685079034219211e-07,37.0,0.7425905087612162,0.7509,-0.03946522689291687,-0.02670123136746594
114,1992-07-31,0.7441,0.8763584816506537,AUDUSD,-0.003692,-0.006504,-9.275577404693442e-07,38.0,0.7422838840818571,0.7509,-0.05186034658511729,-0.02670123136746594
115,1992-08-31,0.7154,0.8778794572420322,AUDUSD,-0.004,-0.0075,-6.17283950617284e-07,0.0,0.7416076068543678,0.7509,-0.10294670846394982,-0.02670123136746594
116,1992-09-30,0.7132,0.8862417166298516,AUDUSD,-0.00513,-0.010634999999999999,-4.5378227526432814e-07,0.0,0.73788946329809,0.7509,-0.08960939494511111,-0.02670123136746594
117,1992-10-30,0.6958,0.8809598494353827,AUDUSD,-0.003622,-0.007599,-6.193868070610097e-07,0.0,0.7402379602249894,0.7509,-0.11340468909276258,-0.02670123136746594
118,1992-11-30,0.6825,0.8817896389324961,AUDUSD,-0.0027,-0.0062,-7.751937984496123e-07,0.0,0.739869007729178,0.7509,-0.10456573077932296,-0.02670123136746594
119,1992-12-31,0.6895,0.8954988983317596,AUDUSD,-0.0045,-0.0082,-6.756756756756758e-07,0.0,0.7337734069910615,0.7509,-0.08176854441337067,0.0
120,1993-01-29,0.6802,0.8917097633599749,AUDUSD,-0.004,-0.0079,-6.41025641025641e-07,0.0,0.73545818464813,0.7509,-0.09907284768211921,0.0
121,1993-02-26,0.6952,0.8879525593008739,AUDUSD,-0.0021,-0.0053,-9.09090909090909e-07,0.0,0.7371287647406723,0.6952,-0.09772874756651517,-0.07417765348248762
122,1993-03-31,0.7055,0.8914463452566097,AUDUSD,-0.0034,-0.0068,-8.130081300813009e-07,0.0,0.735575309252643,0.7055,-0.06753899021940268,-0.060460780396857094
123,1993-04-30,0.7073,0.8885444117191132,AUDUSD,-0.0033,-0.0062,-8.928571428571428e-07,0.0,0.7368656071234441,0.7073,-0.06664027447875431,-0.058063656944999265
124,1993-05-31,0.6785,0.8878562577447335,AUDUSD,-0.00285,-0.00535,-1.1111111111111112e-06,0.0,0.7371715836719943,0.6785,-0.09194325481798715,-0.09641763217472366
125,1993-06-30,0.6655,0.8933229813664596,AUDUSD,-0.003,-0.0052,-1.1235955056179775e-06,0.0,0.7347408933208099,0.6655,-0.105630963580164,-0.11373019043814092
126,1993-07-30,0.69,0.8947122861586315,AUDUSD,-0.00247,-0.0043,-1.3513513513513515e-06,0.0,0.7341231613872319,0.69,-0.03550461280402584,-0.08110267678785466
127,1993-08-31,0.6735,0.9000312891113892,AUDUSD,-0.00237,-0.004,-1.25e-06,0.0,0.7317581526452852,0.6735,-0.05566461020751534,-0.10307630842988413
128,1993-09-30,0.646,0.9254035417646136,AUDUSD,-0.0034,-0.006,-9.09090909090909e-07,0.0,0.7204767903560153,0.646,-0.07157229088818617,-0.1396990278332667
129,1993-10-29,0.6665,0.9176379176379177,AUDUSD,-0.00195,-0.0036,-1.3986013986013985e-06,0.0,0.7239296496812364,0.6665,-0.02344322344322347,-0.11239845518710889
130,1993-11-30,0.6594,0.9183514774494557,AUDUSD,-0.00202,-0.002647,-1.6191709844559588e-06,0.0,0.7236123768375893,0.6594,-0.04365482233502538,-0.12185377546943665
131,1993-12-31,0.6793,0.923004841480556,AUDUSD,-0.0022,-0.004,-1.282051282051282e-06,0.0,0.7215433336896988,0.6793,-0.001323140252866839,-0.09535224397389797
132,1994-01-31,0.7086,0.9191290824261276,AUDUSD,-0.0025399999999999997,-0.00465,-1.2195121951219512e-06,0.0,0.7232666273458246,0.7086,0.019275028768699576,0.019275028768699576
133,1994-02-28,0.7135,0.9154275092936803,AUDUSD,-0.0018,-0.0034,-1.6393442622950817e-06,0.0,0.7249124720454696,0.7135,0.011339475549255962,0.011339475549255962
134,1994-03-31,0.7045,0.913030021665119,AUDUSD,-0.0017,-0.0029,-1.7241379310344831e-06,0.0,0.7259784761914754,0.7045,-0.003958716244874871,-0.003958716244874871
135,1994-04-29,0.7155,0.911478448941758,AUDUSD,-0.0009,-0.0011,-4.5454545454545455e-06,0.0,0.7266683579394471,0.7155,0.0545320560058955,0.0545320560058955
136,1994-05-31,0.7371,0.9092310063183849,AUDUSD,-0.0002,-0.00025,-8.333333333333334e-06,1.0,0.7276676469976615,0.7371,0.10758827948910588,0.10758827948910588
137,1994-06-30,0.7285,0.9132377870241948,AUDUSD,-0.0016,-0.0036,-1.0526315789473683e-06,2.0,0.725886096680719,0.7285,0.05579710144927552,0.05579710144927552
138,1994-07-29,0.7395,0.9094536525475753,AUDUSD,-0.001025,-0.0024,-1.2987012987012988e-06,3.0,0.7275686509483881,0.7395,0.09799554565701563,0.09799554565701563
139,1994-08-31,0.7429,0.9050091631032375,AUDUSD,-0.00135,-0.00305,-1.1299435028248587e-06,4.0,0.7295448213853492,0.7429,0.1499999999999999,0.1499999999999999
140,1994-09-30,0.7402,0.9071548950513253,AUDUSD,-0.0014,-0.0037,-9.216589861751153e-07,5.0,0.7285907563359078,0.7402,0.11057764441110285,0.11057764441110285
141,1994-10-31,0.7426,0.9042455711667684,AUDUSD,-0.00225,-0.0051,-7.843137254901963e-07,6.0,0.7298843402051485,0.7426,0.12617531088868672,0.12617531088868672
142,1994-11-30,0.7688,0.9012176560121765,AUDUSD,-0.0026850000000000003,-0.00655,-6.329113924050632e-07,7.0,0.7312306537669355,0.7426,0.13175327543059034,0.09318416016487574
143,1994-12-30,0.7754,0.9106571123646896,AUDUSD,-0.0034,-0.00765,-5.714285714285714e-07,8.0,0.7270335519809056,0.7426,0.09427039232289025,0.047981936212249554
144,1995-01-31,0.7567,0.9040411684576964,AUDUSD,-0.0037799999999999995,-0.00835,-5.494505494505495e-07,9.0,0.7299752245678996,0.7426,0.060546601261387556,0.040784863349684564
145,1995-02-28,0.739,0.9003617726861621,AUDUSD,-0.003123,-0.00715,-6.41025641025641e-07,10.0,0.7316112084622588,0.7426,0.04897090134847404,0.05408090844570612
146,1995-03-31,0.7345,0.9147368421052632,AUDUSD,-0.003128,-0.00665,-7.017543859649123e-07,11.0,0.7252195660540443,0.7426,0.02655485674353608,0.03787561146051721
147,1995-04-28,0.7282,0.9095394736842105,AUDUSD,-0.003192,-0.0069,-6.825938566552901e-07,12.0,0.7275304919663028,0.7426,-0.012074345407678821,0.007461674128340867
148,1995-05-31,0.7178,0.9065573770491804,AUDUSD,-0.002785,-0.006043,-9.389671361502348e-07,0.0,0.7288564330635001,0.7426,-0.014687714481812053,0.019354838709677358
149,1995-06-30,0.7103,0.9191527446300715,AUDUSD,-0.0027890000000000002,-0.00585,-8.298755186721992e-07,0.0,0.7232561063290706,0.7426,-0.03948613928329958,0.0041920216362407725
150,1995-07-31,0.7386,0.9191527446300715,AUDUSD,-0.00324,-0.0067,-6.872852233676976e-07,1.0,0.7232561063290706,0.7426,-0.0057881276080226085,-0.0004038228563736368
151,1995-08-31,0.751,0.9191527446300715,AUDUSD,-0.003129,-0.00655,-7.352941176470589e-07,2.0,0.7232561063290706,0.7426,0.01459065117535796,0.0032423669278573986
152,1995-09-29,0.7557,0.916703985669503,AUDUSD,-0.002813,-0.005425,-8.771929824561403e-07,3.0,0.7243449074446371,0.7426,0.017640721788311442,0.0
153,1995-10-31,0.7596,0.9108573123702165,AUDUSD,-0.003094,-0.00605,-7.272727272727273e-07,4.0,0.726944536282397,0.7426,-0.01196670135275757,0.0
154,1995-11-30,0.7438,0.9108573123702165,AUDUSD,-0.002941,-0.0064,-7.8125e-07,5.0,0.726944536282397,0.7438,-0.040753159659530525,0.001615943980608714
155,1995-12-29,0.7428,0.917073893084555,AUDUSD,-0.0032259999999999997,-0.0065,-7.326007326007326e-07,6.0,0.7241804340878673,0.7428,-0.018369234835469817,0.000269323996768156
156,1996-01-31,0.7464,0.9134218289085546,AUDUSD,-0.003664,-0.007673,-6.472491909385114e-07,7.0,0.7258042654297756,0.7428,0.010013531799729414,0.000269323996768156
157,1996-02-29,0.7647,0.9142308827871273,AUDUSD,-0.004209,-0.00895,-5.376344086021506e-07,8.0,0.7254445326917935,0.7428,0.04111640571817565,0.000269323996768156
158,1996-03-29,0.7829,0.9142983360329849,AUDUSD,-0.004058,-0.00905,-5.509641873278237e-07,9.0,0.7254145406956352,0.7428,0.07511672617412812,0.000269323996768156
159,1996-04-30,0.7875,0.9085455077553409,AUDUSD,-0.004103,-0.0081,-6.34920634920635e-07,10.0,0.7279724428604557,0.7428,0.09710225689607133,0.000269323996768156
160,1996-05-31,0.7987,0.9043110981648704,AUDUSD,-0.004192,-0.0079,-6.535947712418301e-07,11.0,0.7298552046839388,0.7428,0.1244544558637195,0.000269323996768156
161,1996-06-28,0.7881,0.897956204379562,AUDUSD,-0.004036,-0.007537,-6.369426751592357e-07,12.0,0.7326808055512225,0.7428,0.0670186839967506,0.000269323996768156
162,1996-07-31,0.7727,0.897956204379562,AUDUSD,-0.002747,-0.00458,-1.5151515151515152e-06,13.0,0.7326808055512225,0.7428,0.02889480692410129,0.000269323996768156
163,1996-08-30,0.7896,0.8958636760850568,AUDUSD,-0.002605,-0.0035,-1.8518518518518517e-06,14.0,0.7336112144555285,0.7428,0.044859071059944355,0.000269323996768156
164,1996-09-30,0.7914,0.9013244069276671,AUDUSD,-0.002299,-0.00355,-1.7543859649122805e-06,15.0,0.7311831886967732,0.7428,0.04186413902053698,0.000269323996768156
165,1996-10-31,0.7917,0.8963670574612823,AUDUSD,-0.002238,-0.003675,-1.6129032258064516e-06,16.0,0.7333873940580067,0.7428,0.06439903199784891,-0.0013444474321053779
166,1996-11-29,0.8161,0.897796462742824,AUDUSD,-0.002008,-0.00345,-1.7094017094017097e-06,17.0,0.732751832089597,0.7428,0.09868066774367268,0.0
167,1996-12-31,0.7942,0.9031603363293708,AUDUSD,-0.0008560000000000001,-0.001175,-4.5454545454545455e-06,18.0,0.730366872345158,0.7428,0.06404072883172574,0.0
168,1997-01-31,0.7624,0.9023754345307067,AUDUSD,-0.000294,-0.000117,1.8181818181818182e-05,19.0,0.7307158662509514,0.7624,-0.0030077154439650533,0.026386645126548203
169,1997-02-28,0.7785,0.9038154649644565,AUDUSD,-0.0009029999999999999,-0.0013,-4e-06,20.0,0.730075579980247,0.7624,-0.005620130284838543,0.026386645126548203
170,1997-03-31,0.7857,0.9059233449477352,AUDUSD,-0.000735,-0.001,-6.451612903225806e-06,21.0,0.7291383451955127,0.7624,-0.0022857142857143353,0.026386645126548203
171,1997-04-30,0.7806,0.9067131647776809,AUDUSD,-0.000499,-0.000155,2.061855670103093e-05,22.0,0.7287871645665536,0.7624,-0.022661825466382846,0.026386645126548203
172,1997-05-30,0.7602,0.9073724007561437,AUDUSD,0.000479,0.0016300000000000002,2.127659574468085e-06,23.0,0.7284940459377585,0.7624,-0.03540159878188054,0.026386645126548203
173,1997-06-30,0.754,0.9164113785557987,AUDUSD,0.000653,0.001678,2.6737967914438504e-06,24.0,0.7244750104710902,0.7624,-0.024200854147793494,0.026386645126548203
174,1997-07-31,0.7478,0.918555344348589,AUDUSD,0.001245,0.002375,1.6666666666666667e-06,25.0,0.723521730714072,0.7624,-0.05293819655521781,0.026386645126548203
175,1997-08-29,0.7323,0.9149431983687737,AUDUSD,0.0015429999999999999,0.00375,1.3071895424836602e-06,26.0,0.725127813074869,0.7624,-0.07467778620166798,0.026386645126548203
176,1997-09-30,0.7251,0.9217315260166157,AUDUSD,0.0017519999999999999,0.00395,1.1976047904191617e-06,27.0,0.7221094928421228,0.7624,-0.08412277377794619,0.026386645126548203
177,1997-10-31,0.7012,0.9195870292278611,AUDUSD,0.001549,0.00335,1.5151515151515152e-06,0.0,0.7230630086979191,0.7624,-0.14079156966058082,0.026386645126548203
178,1997-11-28,0.6813,0.9203900451171592,AUDUSD,0.001518,0.00288,2.0100502512562813e-06,0.0,0.7227059606543327,0.7624,-0.14215562830521278,0.026386645126548203
179,1997-12-31,0.6504,0.9345507669831994,AUDUSD,0.001344,0.0027,1.9607843137254897e-06,0.0,0.716409624423104,0.7624,-0.14690451206715638,0.0
180,1998-01-30,0.6833,0.939078097475044,AUDUSD,0.000949,0.0019,3.125e-06,0.0,0.7143966200525493,0.7624,-0.12228644829800894,0.0
181,1998-02-27,0.68,0.9412889935256034,AUDUSD,0.001166,0.0024,2.209944751381215e-06,0.0,0.7134135808375781,0.68,-0.13452971872215846,-0.10807974816369348
182,1998-03-31,0.6624,0.945910095799558,AUDUSD,0.001175,0.00285,1.6949152542372882e-06,0.0,0.7113588823588592,0.6624,-0.15142198308993082,-0.1311647429171039
183,1998-04-30,0.6493,0.9436847522423173,AUDUSD,0.001178,0.0027,1.7241379310344831e-06,0.0,0.7123483454242971,0.6493,-0.14588266245724812,-0.14834732423924446
184,1998-05-29,0.623,0.942160892542572,AUDUSD,0.0010810000000000001,0.0026,1.7467248908296942e-06,0.0,0.713025905023983,0.623,-0.17374005305039786,-0.18284365162644278
185,1998-06-30,0.6208,0.9453021614468461,AUDUSD,0.000611,0.00155,3.7037037037037033e-06,0.0,0.71162919054847,0.6208,-0.16983150575020056,-0.18572927597061906
186,1998-07-31,0.6056,0.9453021614468461,AUDUSD,0.000859,0.0018,3.076923076923077e-06,0.0,0.71162919054847,0.6056,-0.17301652328280748,-0.20566631689401882
187,1998-08-31,0.5678,0.9466941540273893,AUDUSD,0.0005,0.00025,8.333333333333334e-06,0.0,0.7110102635332098,0.5678,-0.21693559509033233,-0.2552465897166841
188,1998-09-30,0.5935,0.9528371407516583,AUDUSD,0.0006450000000000001,0.00125,7.547169811320755e-06,0.0,0.7082788837175573,0.5935,-0.15359383913291502,-0.22153725078698838
189,1998-10-30,0.625,0.9490604815032296,AUDUSD,0.0007650000000000001,0.00118,8.333333333333334e-06,0.0,0.7099581142457632,0.625,-0.08263613679729931,-0.18022035676810066
190,1998-11-30,0.6289,0.9505955006616674,AUDUSD,0.0006389999999999999,0.00122,4.878048780487805e-06,0.0,0.7092755927730351,0.6289,-0.03305658056580563,-0.17510493179433362
191,1998-12-31,0.6103,0.9482682387619751,AUDUSD,0.00042199999999999996,0.00095,5.402485143165856e-06,0.0,0.710310372183097,0.6103,-0.10683447973071869,-0.19950157397691504
192,1999-01-29,0.6303,0.9460373474489046,AUDUSD,0.00033,0.000575,1.0121457489878542e-05,0.0,0.7113023019685485,0.6303,-0.07308823529411779,-0.07308823529411779
193,1999-02-26,0.6188,0.9482682387619751,AUDUSD,0.00035,0.00095,4.444444444444445e-06,0.0,0.710310372183097,0.6188,-0.0658212560386473,-0.0658212560386473
194,1999-03-31,0.6343,0.9444689290436318,AUDUSD,0.000286,0.0007,5.7142857142857145e-06,0.0,0.7119996738768639,0.6343,-0.023101801940551336,-0.023101801940551336
195,1999-04-30,0.6613,0.9363530439848531,AUDUSD,0.000259,0.00065,6.060606060606061e-06,0.0,0.7156082710675638,0.6613,0.06147672552166927,0.06147672552166927
196,1999-05-31,0.6489,0.9341761115954667,AUDUSD,0.00027,0.000785,4.878048780487805e-06,0.0,0.7165762088892296,0.6489,0.045264175257732076,0.045264175257732076
197,1999-06-30,0.6674,0.9234901277584205,AUDUSD,0.0007099999999999999,0.00159,3.1496062992125985e-06,0.0,0.7213275589853622,0.6674,0.10204755614266836,0.10204755614266836
198,1999-07-30,0.6522,0.9198843094721619,AUDUSD,0.000805,0.002075,2.5974025974025976e-06,0.0,0.7229308278394341,0.6522,0.148643888693202,0.148643888693202
199,1999-08-31,0.6407,0.9149884925201381,AUDUSD,0.0010199999999999999,0.00224,3.225806451612903e-06,0.0,0.7251076737621279,0.6407,0.07952822240943558,0.07952822240943558
200,1999-09-30,0.652,0.9197424892703863,AUDUSD,0.001521,0.00232,3.6036036036036035e-06,0.0,0.7229938859012481,0.652,0.04320000000000013,0.04320000000000013
201,1999-10-29,0.639,0.9162035057716974,AUDUSD,0.001301,0.0016350000000000002,6.25e-06,0.0,0.7245674377466489,0.639,0.01605978692955956,0.01605978692955956
202,1999-11-30,0.6356,0.9155511250356025,AUDUSD,0.001039,0.001405,6.349206349206349e-06,0.0,0.724857508302662,0.6356,0.04145502212026897,0.04145502212026897
203,1999-12-31,0.6567,0.9304706384188824,AUDUSD,0.0007099999999999999,0.001015,9.615384615384612e-06,0.0,0.7182237876805004,0.6567,0.041884816753926746,0.041884816753926746
204,2000-01-31,0.637,0.928358632430132,AUDUSD,0.000775,0.001263,5.797101449275362e-06,0.0,0.7191628570269178,0.637,0.02941176470588225,0.02941176470588225
205,2000-02-29,0.6178,0.9184561403508772,AUDUSD,0.000589,0.00105,5e-06,0.0,0.7235658401691538,0.6178,-0.026012927636764882,-0.026012927636764882
206,2000-03-31,0.6071,0.9159452666852833,AUDUSD,0.000558,0.001065,4.975124378109452e-06,0.0,0.7246822595849345,0.6071,-0.08195977619839712,-0.08195977619839712
207,2000-04-28,0.5839,0.9179960817240415,AUDUSD,0.000523,0.001135,4.201680672268907e-06,0.0,0.7237703978059775,0.5839,-0.10016951764524584,-0.10016951764524584
208,2000-05-31,0.5725,0.9145406385055066,AUDUSD,0.001009,0.002288,1.932367149758454e-06,0.0,0.7253068048152833,0.5725,-0.14219358705424034,-0.14219358705424034
209,2000-06-30,0.5974,0.9228535877229366,AUDUSD,0.0009220000000000001,0.002205,2.2988505747126437e-06,0.0,0.7216105862297328,0.5974,-0.08402330573443728,-0.08402330573443728
210,2000-07-31,0.5808,0.9250277161862528,AUDUSD,0.0007379999999999999,0.0015199999999999999,3.745318352059925e-06,0.0,0.7206438951285008,0.5808,-0.09349149367878895,-0.09349149367878895
211,2000-08-31,0.5764,0.9277275886031966,AUDUSD,0.000258,0.0005,1.4285714285714285e-05,0.0,0.7194434404709409,0.5764,-0.11595092024539877,-0.11595092024539877
212,2000-09-29,0.5428,0.9181705469072875,AUDUSD,0.000352,0.00035499999999999996,2.631578947368421e-05,0.0,0.7236928246804863,0.5428,-0.15054773082942108,-0.15054773082942108
213,2000-10-31,0.5185,0.9167812929848693,AUDUSD,0.000499,0.0008,1.111111111111111e-05,0.0,0.7243105339956503,0.5185,-0.1842353681560731,-0.1842353681560731
214,2000-11-30,0.5278,0.9167812929848693,AUDUSD,0.000624,0.00107,6.8965517241379325e-06,0.0,0.7243105339956503,0.5278,-0.19628445256585947,-0.19628445256585947
215,2000-12-29,0.5588,0.9360320530533297,AUDUSD,0.000361,0.0006799999999999999,8.968609865470851e-06,0.0,0.7157509945001095,0.5588,-0.12276295133437998,-0.12276295133437998
216,2001-01-31,0.5506,0.9325533379215416,AUDUSD,-0.000323,-0.000395,-1.7241379310344828e-05,0.0,0.7172977489897185,0.5506,-0.10877306571706058,-0.10877306571706058
217,2001-02-28,0.5263,0.9325533379215416,AUDUSD,-0.00044500000000000003,-0.000655,-9.803921568627453e-06,0.0,0.7172977489897185,0.5263,-0.13309174765277543,-0.13309174765277543
218,2001-03-30,0.4856,0.9540626293281832,AUDUSD,-8.9e-05,-0.000195,-2e-05,0.0,0.7077339900180465,0.4856,-0.16835074499058056,-0.16835074499058056
219,2001-04-30,0.5124,0.946360153256705,AUDUSD,-0.0005549999999999999,-0.0011,-5.141388174807198e-06,0.0,0.7111587715805829,0.5124,-0.10497816593886466,-0.10497816593886466
220,2001-05-31,0.5065,0.9400570884871551,AUDUSD,-0.001207,-0.0024,-2.4009603841536618e-06,0.0,0.7139613275132344,0.5065,-0.15215935721459672,-0.15215935721459672
221,2001-06-29,0.5119,0.980051919661156,AUDUSD,-0.0014320000000000001,-0.00271,-2.061855670103093e-06,0.0,0.6961782718918507,0.5119,-0.11862947658402201,-0.11862947658402201
222,2001-07-31,0.51,0.990335496341295,AUDUSD,-0.00175,-0.003575,-1.3513513513513515e-06,0.0,0.6916058456377162,0.51,-0.1151977793199167,-0.1151977793199167
223,2001-08-31,0.5296,0.988833746898263,AUDUSD,-0.001703,-0.00318,-1.6597510373443984e-06,0.0,0.6922735742689144,0.5296,-0.024318349299926267,-0.024318349299926267
224,2001-09-28,0.4913,0.9864532019704434,AUDUSD,-0.002133,-0.0042450000000000005,-1.2987012987012988e-06,0.0,0.6933320451167209,0.4913,-0.052459016393442526,-0.052459016393442526
225,2001-10-31,0.5031,1.0004163197335554,AUDUSD,-0.002618,-0.0047799999999999995,-1.1428571428571428e-06,0.0,0.6871235703578433,0.5031,-0.046798029556650356,-0.046798029556650356
226,2001-11-30,0.5219,1.0079697986577183,AUDUSD,-0.0028510000000000002,-0.005485,-1.0416666666666667e-06,0.0,0.6837650379700217,0.5219,-0.06603435934144586,-0.06603435934144586
227,2001-12-31,0.5095,1.0387760857304005,AUDUSD,-0.002926,-0.00558,-1.0362694300518134e-06,0.0,0.6700675200553083,0.5095,-0.07464584090083548,-0.07464584090083548
228,2002-01-31,0.5077,1.037897999436461,AUDUSD,-0.0030440000000000003,-0.00583,-9.433962264150943e-07,0.0,0.6704579469416618,0.5077,-0.03534106023180683,-0.03534106023180683
229,2002-02-28,0.5181,1.0355636772561148,AUDUSD,-0.003124,-0.006145,-8.547008547008548e-07,0.0,0.6714958655914676,0.5181,0.0669275123558486,0.0669275123558486
230,2002-03-29,0.5328,1.0359089003772533,AUDUSD,-0.003453,-0.006855,-8.176614881439083e-07,0.0,0.6713423677072463,0.5328,0.039812646370023685,0.039812646370023685
231,2002-04-30,0.5383,1.0281514353071697,AUDUSD,-0.003621,-0.007245000000000001,-7.490636704119851e-07,0.0,0.6747915992397429,0.5383,0.06278381046396841,0.06278381046396841
232,2002-05-31,0.5674,1.0304378040305768,AUDUSD,-0.004461,-0.00916,-5.772005772005772e-07,0.0,0.6737750023199445,0.5674,0.10841961320570426,0.10841961320570426
233,2002-06-28,0.5634,1.0141666666666667,AUDUSD,-0.004628,-0.009215000000000001,-5.755395683453237e-07,0.0,0.6810097007115128,0.5634,0.1047058823529412,0.1047058823529412
234,2002-07-31,0.5426,1.0141666666666667,AUDUSD,-0.004297,-0.008485,-6.024096385542169e-07,0.0,0.6810097007115128,0.5426,0.024546827794561965,0.024546827794561965
235,2002-08-30,0.5505,1.0133222314737718,AUDUSD,-0.004301,-0.008655,-5.780346820809248e-07,0.0,0.681385165179373,0.5505,0.12049664156319961,0.12049664156319961
236,2002-09-30,0.5426,0.99216602528862,AUDUSD,-0.0041990000000000005,-0.00864,-5.763688760806916e-07,0.0,0.6907919305109037,0.5426,0.07851321804810163,0.07851321804810163
237,2002-10-31,0.5547,0.9878215654077723,AUDUSD,-0.004456,-0.00885,-5.652911249293386e-07,0.0,0.6927236244182955,0.5547,0.06284728875263457,0.06284728875263457
238,2002-11-29,0.561,0.995175075820237,AUDUSD,-0.004646,-0.009155,-5.824111822947002e-07,0.0,0.689454004798991,0.561,0.10107948969578029,0.10107948969578029
239,2002-12-31,0.5616,1.0110772639158128,AUDUSD,-0.004679,-0.009085,-5.646527385657821e-07,0.0,0.6823833537397321,0.5616,0.10616505810518007,0.10616505810518007
240,2003-01-31,0.5871,0.998495829345002,AUDUSD,-0.004964,-0.009865,-5.327650506126799e-07,0.0,0.6879774853862979,0.5871,0.13317892298784018,0.13317892298784018
241,2003-02-28,0.6085,0.9846278317152104,AUDUSD,-0.005193,-0.010165,-5.243838489774515e-07,0.0,0.694143666514426,0.6085,0.1420795795795795,0.1420795795795795
242,2003-03-31,0.6045,0.9867558528428094,AUDUSD,-0.005222,-0.0104,-5.012531328320802e-07,0.0,0.6931974762952217,0.6045,0.1229797510681776,0.1229797510681776
243,2003-04-30,0.6267,1.0040838551592706,AUDUSD,-0.005586,-0.010678,-4.897159647404506e-07,0.0,0.6854928599746655,0.6267,0.10451180824814954,0.10451180824814954
244,2003-05-30,0.6528,1.0077879491733845,AUDUSD,-0.005695,-0.011375,-4.570383912248629e-07,0.0,0.6838458944057086,0.6528,0.15867944621938235,0.15867944621938235
245,2003-06-30,0.6736,1.0004083855159271,AUDUSD,-0.005881,-0.011687999999999999,-4.47427293064877e-07,0.0,0.6871270981795456,0.6736,0.24143015112421673,0.24143015112421673
246,2003-07-31,0.6488,0.9997279281730376,AUDUSD,-0.005907,-0.011455,-4.640371229698376e-07,0.0,0.6874296525452321,0.6488,0.1785649409627612,0.1785649409627612
247,2003-08-29,0.6475,0.9953948259515102,AUDUSD,-0.00595,-0.011825,-4.4228217602830606e-07,0.0,0.6893562964528741,0.6475,0.1933284187246591,0.1933284187246591
248,2003-09-30,0.6801,0.9756394640682096,AUDUSD,-0.006372999999999999,-0.012795,-3.8955979742890536e-07,0.0,0.6981401989942524,0.6801,0.2260681449432127,0.2260681449432127
249,2003-10-31,0.7086,0.9679108485499462,AUDUSD,-0.006854000000000001,-0.014025,-3.585514521333812e-07,1.0,0.7015766030395558,0.7086,0.2631016042780747,0.2631016042780747
250,2003-11-28,0.7243,0.9714324215065356,AUDUSD,-0.00757,-0.015405,-3.370407819346141e-07,2.0,0.7000107925104567,0.7243,0.28970797720797736,0.28970797720797736
251,2003-12-31,0.752,0.9801913488748147,AUDUSD,-0.008064,-0.016065,-3.2456994482310936e-07,3.0,0.6961162769442797,0.752,0.28087208312042256,0.28087208312042256
252,2004-01-30,0.7642,0.9716804702110606,AUDUSD,-0.008426000000000001,-0.016655,-3.1525851197982344e-07,4.0,0.699900501660867,0.7642,0.25587510271158576,0.25587510271158576
253,2004-02-27,0.7738,0.9689623018516051,AUDUSD,-0.008662000000000001,-0.017155,-3.054834275240568e-07,5.0,0.7011090913137195,0.7738,0.28006617038875103,0.28006617038875103
254,2004-03-31,0.7668,0.954767887845523,AUDUSD,-0.008302,-0.016685,-3.203074951953876e-07,6.0,0.7074204082107688,0.7668,0.22355193872666357,0.22355193872666357
255,2004-04-30,0.7207,0.9446479979063072,AUDUSD,-0.007941,-0.015390000000000001,-3.6153289949385395e-07,7.0,0.7119200537996804,0.7668,0.10401348039215685,0.1746323529411764
256,2004-05-31,0.7152,0.9347403858604169,AUDUSD,-0.007445,-0.0139,-4.081632653061225e-07,0.0,0.716325313452375,0.7668,0.061757719714964354,0.1383610451306414
257,2004-06-30,0.6993,0.9326061550447993,AUDUSD,-0.0070030000000000005,-0.012844999999999999,-4.4395116537180913e-07,0.0,0.7172742647090482,0.7668,0.07783600493218246,0.1818742293464859
258,2004-07-30,0.7027,0.9305519564654053,AUDUSD,-0.006645,-0.012575,-4.437541601952519e-07,0.0,0.7181876309246924,0.7668,0.0852509652509652,0.18424710424710433
259,2004-08-31,0.7042,0.927307940606843,AUDUSD,-0.006325,-0.012055,-4.429482636428065e-07,0.0,0.7196300301736975,0.7668,0.03543596529922066,0.12748125275694755
260,2004-09-30,0.7277,0.961137562733239,AUDUSD,-0.006175,-0.011645,-4.6189376443418015e-07,1.0,0.7045882351650674,0.7668,0.02695455828394011,0.08213378492802703
261,2004-10-29,0.7484,0.946041798606713,AUDUSD,-0.00609,-0.011479999999999999,-4.5987583352494823e-07,2.0,0.711300322833131,0.7668,0.03327350545354113,0.05867734364213728
262,2004-11-30,0.7729,0.9485648971297943,AUDUSD,-0.005615,-0.01028,-5.589714924538848e-07,3.0,0.710178467831944,0.7668,0.027792553191489322,0.019680851063829774
263,2004-12-31,0.7803,0.9651951375559821,AUDUSD,-0.00543,-0.010055,-5.543237250554323e-07,4.0,0.7027841000645378,0.7668,0.021067783302800347,0.0034022507197069007
264,2005-01-31,0.7757,0.9573549942886154,AUDUSD,-0.005135,-0.009825,-5.543237250554323e-07,5.0,0.7062700931219066,0.7668,0.0024554148358748584,-0.009046265184802227
265,2005-02-28,0.7918,0.9521585458217623,AUDUSD,-0.005595,-0.01056,-5.45404963185165e-07,6.0,0.7085806099913907,0.7668,0.03260302556077188,0.0
266,2005-03-31,0.773,0.929595015576324,AUDUSD,-0.005282,-0.009661,-6.0790273556231e-07,7.0,0.718613119232991,0.7668,0.07256833633966986,0.0
267,2005-04-29,0.7813,0.9252139402207615,AUDUSD,-0.00479,-0.00885,-6.499837504062399e-07,8.0,0.7205610936197433,0.7813,0.09242170022371377,0.018909754825247704
268,2005-05-31,0.7559,0.9264778936910084,AUDUSD,-0.0043950000000000005,-0.00797,-7.127583749109051e-07,9.0,0.7199990971265852,0.7813,0.08093808093808086,0.018909754825247704
269,2005-06-30,0.7625,0.9321592459382364,AUDUSD,-0.003996,-0.007215000000000001,-7.849293563579277e-07,10.0,0.7174729756240945,0.7813,0.08510032730895123,0.018909754825247704
270,2005-07-29,0.7566,0.9235684443352175,AUDUSD,-0.0035979999999999996,-0.0063,-9.398496240601504e-07,11.0,0.7212927367845834,0.7813,0.0744106787844363,0.018909754825247704
271,2005-08-31,0.7553,0.9187140936315853,AUDUSD,-0.0032090000000000005,-0.0058649999999999996,-9.638554216867472e-07,12.0,0.7234511454097587,0.7813,0.037927717465988664,0.018909754825247704
272,2005-09-30,0.762,0.9089049338146812,AUDUSD,-0.00292,-0.005265,-1.0598834128245893e-06,13.0,0.7278126298691916,0.7813,0.018172100481026243,0.018909754825247704
273,2005-10-31,0.7482,0.8949052132701422,AUDUSD,-0.00248,-0.004288,-1.3245033112582782e-06,14.0,0.7340373794635642,0.7813,-0.03195756242722225,0.018909754825247704
274,2005-11-30,0.738,0.9177399756986635,AUDUSD,-0.0021,-0.003625,-1.5885623510722795e-06,15.0,0.7238842712131299,0.7813,-0.05420991926182239,0.018909754825247704
275,2005-12-30,0.7328,0.9284760170006071,AUDUSD,-0.0019399999999999999,-0.0033950000000000004,-1.6116035455278004e-06,16.0,0.7191106638738384,0.7813,-0.055304885909501,0.018909754825247704
276,2006-01-31,0.7582,0.9206502107164358,AUDUSD,-0.001655,-0.002925,-1.845018450184502e-06,17.0,0.722590282223223,0.7813,-0.04243495832280875,0.018909754825247704
277,2006-02-28,0.7423,0.9242112897377008,AUDUSD,-0.001375,-0.002275,-2.5348542458808618e-06,18.0,0.7210069059606308,0.7813,-0.03971539456662365,0.018909754825247704
278,2006-03-31,0.7165,0.9218338520469236,AUDUSD,-0.000993,-0.001675,-3.2786885245901634e-06,0.0,0.7220639952256793,0.7813,-0.08293869192371683,0.0
279,2006-04-28,0.7596,0.9089943342776204,AUDUSD,-0.0012,-0.00243,-1.9512195121951218e-06,1.0,0.7277728793974841,0.7813,0.004894827358116194,0.0
280,2006-05-31,0.7522,0.9015453055490518,AUDUSD,-0.001175,-0.00228,-2.111932418162619e-06,2.0,0.7310849696930805,0.7522,-0.013508196721311427,-0.037245616280558114
281,2006-06-30,0.7421,0.913215449046068,AUDUSD,-0.00086,-0.001695,-2.7210884353741494e-06,3.0,0.7258960289018546,0.7421,-0.019164684113137764,-0.050172788941507784
282,2006-07-31,0.7665,0.9137469444767781,AUDUSD,-0.0012720000000000001,-0.00282,-1.54320987654321e-06,4.0,0.7256597080441489,0.7665,0.014828544949026856,-0.018942787661589744
283,2006-08-31,0.7638,0.911518810961449,AUDUSD,-0.0013800000000000002,-0.002995,-1.4054813773717497e-06,5.0,0.726650411619383,0.7638,0.0023622047244094,-0.02239856649174443
284,2006-09-29,0.7461,0.9233226837060703,AUDUSD,-0.001465,-0.003105,-1.3694878115584771e-06,6.0,0.7214020102784171,0.7461,-0.002806736166800272,-0.04505311660053757
285,2006-10-31,0.7738,0.9287074506069984,AUDUSD,-0.0018679999999999999,-0.003993,-1.0604453870625663e-06,7.0,0.7190077606592402,0.7461,0.04850948509485109,-0.04505311660053757
286,2006-11-30,0.7889,0.9257325898683118,AUDUSD,-0.0019,-0.004220000000000001,-1.0050251256281407e-06,8.0,0.7203304844320143,0.7461,0.07655567685589526,-0.04505311660053757
287,2006-12-29,0.7885,0.9425260170293283,AUDUSD,-0.00197,-0.004273,-1.0395010395010395e-06,9.0,0.7128635583190184,0.7461,0.03996307042996561,-0.04505311660053757
288,2007-01-31,0.7769,0.9455451417724522,AUDUSD,-0.001843,-0.003924,-1.1648223645894003e-06,10.0,0.7115211532716939,0.7461,0.04661188198841448,-0.04505311660053757
289,2007-02-28,0.7879,0.9377573832215556,AUDUSD,-0.001948,-0.004164999999999999,-1.0390689941812137e-06,11.0,0.7149838543110854,0.7461,0.09965108164689473,-0.04505311660053757
290,2007-03-30,0.8086,0.9269819193324061,AUDUSD,-0.0022489999999999997,-0.004944,-8.665511265164644e-07,12.0,0.7197749902669617,0.7461,0.0645076355976828,-0.04505311660053757
291,2007-04-30,0.8301,0.9148936170212766,AUDUSD,-0.0020469999999999998,-0.004409000000000001,-9.638554216867472e-07,13.0,0.7251498586201167,0.7461,0.10356288221217747,-0.008109545333687795
292,2007-05-31,0.8279,0.9059809696420481,AUDUSD,-0.002003,-0.004218,-1.0454783063251438e-06,14.0,0.7291127233060322,0.7461,0.1156178412612856,0.005390109149710387
293,2007-06-29,0.8494,0.9097710269780096,AUDUSD,-0.002176,-0.004778,-8.963786303334527e-07,15.0,0.7274275355346321,0.7461,0.10815394651011112,-0.02661448140900191
294,2007-07-31,0.8517,0.903116912343873,AUDUSD,-0.002506,-0.005742000000000001,-7.243752263672582e-07,16.0,0.7303861801188563,0.7461,0.1150824823252159,-0.023173605655930962
295,2007-08-31,0.8186,0.9136027319294253,AUDUSD,-0.002385,-0.00589,-6.809669731018045e-07,17.0,0.7257238298237789,0.7461,0.09717196086315516,0.0
296,2007-09-28,0.8879,0.9076173203355248,AUDUSD,-0.0034460000000000003,-0.00815,-5.268148772521336e-07,18.0,0.7283851464031172,0.7461,0.14745412251227696,0.0
297,2007-10-31,0.9341,0.9031130160162418,AUDUSD,-0.00506,-0.01096,-4.055478952064238e-07,19.0,0.7303879125579977,0.9341,0.18405374572189115,0.2519769467899746
298,2007-11-30,0.8844,0.8843605036447978,AUDUSD,-0.0043950000000000005,-0.011065,-3.6989088218975397e-07,20.0,0.7387259142635495,0.9341,0.12162333544705128,0.2519769467899746
299,2007-12-31,0.8751,0.9139521956642578,AUDUSD,-0.00507,-0.011744,-3.544465317406869e-07,21.0,0.7255684464191798,0.9341,0.1263997940532886,0.2519769467899746
300,2008-01-31,0.8956,0.9052967734830965,AUDUSD,-0.00919,-0.019655000000000002,-2.464268112370626e-07,22.0,0.7294169400758853,0.9341,0.13669247366417037,0.2519769467899746
301,2008-02-29,0.9309,0.89945295404814,AUDUSD,-0.011337,-0.023780000000000003,-2.0664999690025004e-07,23.0,0.732015299988971,0.9341,0.15124907247093744,0.2519769467899746
302,2008-03-31,0.9131,0.9203852327447833,AUDUSD,-0.011292,-0.023405000000000002,-2.1699034392969512e-07,24.0,0.7227081003979725,0.9341,0.09998795325864362,0.2519769467899746
303,2008-04-30,0.9437,0.9103513971210838,AUDUSD,-0.011729999999999999,-0.023234,-2.2286605749944284e-07,25.0,0.727169483325576,0.9341,0.13987196521319012,0.2519769467899746
304,2008-05-30,0.956,0.8895439031957804,AUDUSD,-0.011640000000000001,-0.02323,-2.2467870944549295e-07,26.0,0.7364211993837202,0.9341,0.12550035319048725,0.2519769467899746
305,2008-06-30,0.9586,0.9090631053114486,AUDUSD,-0.011403,-0.022835,-2.2698383875068092e-07,27.0,0.7277423014681916,0.9341,0.12551367852530237,0.2519769467899746
306,2008-07-31,0.9423,0.8914325702289313,AUDUSD,-0.011125,-0.021159999999999998,-2.538393197106232e-07,28.0,0.735581434096184,0.9341,0.15111165404348892,0.2519769467899746
307,2008-08-29,0.8578,0.9061071029366935,AUDUSD,-0.009103,-0.01695,-3.112937367700162e-07,29.0,0.7290566401740737,0.9341,-0.033900213988061756,0.2519769467899746
308,2008-09-30,0.7924,0.9365932839606371,AUDUSD,-0.0035600000000000002,-0.009545,-4.645113340765515e-07,30.0,0.7155014522430697,0.9341,-0.15169682046890054,0.0
309,2008-10-31,0.6678,0.9689336691855582,AUDUSD,-0.004987,-0.00799,-7.145409074669525e-07,0.0,0.7011218223661568,0.9341,-0.2449118046132972,0.0
310,2008-11-28,0.6553,1.0111719605695508,AUDUSD,-0.0032,-0.005156,-1.037344398340249e-06,0.0,0.6823412484023386,0.6553,-0.2511712947091761,-0.2984691146558185
311,2008-12-31,0.7027,1.0796019900497513,AUDUSD,-0.0056549999999999994,-0.00863,-7.112375533428165e-07,1.0,0.6519149411846603,0.7027,-0.21538633318445732,-0.24772508296756235
312,2009-01-30,0.6375,1.0757097791798107,AUDUSD,-0.003558,-0.0054600000000000004,-1.110494169905608e-06,0.0,0.6536455498747977,0.6375,-0.3151788591685466,-0.3175248902687079
313,2009-02-27,0.639,1.0809464508094646,AUDUSD,-0.003725,-0.00634,-9.124087591240877e-07,0.0,0.6513171484257226,0.639,-0.3001861789508269,-0.3159190664811048
314,2009-03-31,0.6913,1.0431712040095682,AUDUSD,-0.0038299999999999996,-0.007109999999999999,-7.342143906020559e-07,1.0,0.6681133017094184,0.6913,-0.26745787856310266,-0.2599293437533454
315,2009-04-30,0.7256,1.0349191999095944,AUDUSD,-0.004118,-0.00758,-7.209805335255948e-07,2.0,0.6717824220329744,0.7256,-0.24100418410041835,-0.22320950647682258
316,2009-05-29,0.8011,1.0248433303491495,AUDUSD,-0.00527,-0.010025,-5.319714863283328e-07,3.0,0.6762624946715527,0.8011,-0.1643021072397246,-0.14238304250080291
317,2009-06-30,0.8064,0.9885412075804318,AUDUSD,-0.005443,-0.01089,-4.655493482309124e-07,4.0,0.6924036471510276,0.8064,-0.14422158548233044,-0.13670913178460553
318,2009-07-31,0.8359,0.9962247390628469,AUDUSD,-0.005762,-0.011863,-3.98406374501992e-07,5.0,0.688987288993995,0.8359,-0.025530426672884188,-0.10512793062841241
319,2009-08-31,0.8439,0.9826944140197152,AUDUSD,-0.006314999999999999,-0.013680000000000001,-3.259239945244769e-07,6.0,0.6950033294610898,0.8439,0.06499242806663297,-0.09656353709452958
320,2009-09-30,0.8828,0.9966982170372001,AUDUSD,-0.0069700000000000005,-0.015144999999999999,-3.0525030525030523e-07,7.0,0.6887767646610683,0.8439,0.32195268044324665,-0.09656353709452958
321,2009-10-30,0.8997,0.994836866966934,AUDUSD,-0.008225,-0.017414,-2.6795284030010715e-07,8.0,0.6896043839023249,0.8439,0.3729589500991912,0.2878071112467573
322,2009-11-30,0.916,0.9843478260869566,AUDUSD,-0.0083,-0.017830000000000002,-2.656748140276302e-07,9.0,0.6942681664939327,0.8439,0.30354347516721214,0.20093923438167072
323,2009-12-31,0.8977,0.974687669744704,AUDUSD,-0.008535,-0.017705000000000002,-2.777777777777778e-07,10.0,0.6985633989653031,0.8439,0.4081568627450982,0.32376470588235295
324,2010-01-29,0.8838,0.9617322328223817,AUDUSD,-0.008573,-0.017769999999999998,-2.7459702886014767e-07,11.0,0.7043238247159873,0.8439,0.3830985915492957,0.3206572769953051
325,2010-02-26,0.8954,0.9667061739036741,AUDUSD,-0.008705,-0.017884999999999998,-2.73620269789586e-07,12.0,0.7021122421611994,0.8439,0.29524085057138705,0.2207435266888471
326,2010-03-31,0.9172,0.975138711054204,AUDUSD,-0.009406,-0.01945,-2.5207965717166625e-07,13.0,0.6983628507329707,0.8439,0.2640573318632855,0.16303748621830194
327,2010-04-30,0.9243,0.9679093412412624,AUDUSD,-0.00982,-0.019873,-2.522068095838588e-07,14.0,0.7015772732400136,0.8439,0.15378854075645987,0.05342653850954937
328,2010-05-31,0.8459,0.9629122326414499,AUDUSD,-0.008875,-0.01735,-2.9830265787668166e-07,15.0,0.7037991568576729,0.8439,0.048983134920634885,0.04650297619047605
329,2010-06-30,0.8408,0.9741004139687931,AUDUSD,-0.00925,-0.017834,-2.9214139643587495e-07,16.0,0.6988245127597723,0.8439,0.005861945208757158,0.009570522789807301
330,2010-07-30,0.9042,0.974721189591078,AUDUSD,-0.009743,-0.019661,-2.5716857400025716e-07,17.0,0.6985484949070788,0.8439,0.07145396373977952,0.0
331,2010-08-31,0.8906,0.9713166807790008,AUDUSD,-0.009575,-0.018755,-2.720348204570185e-07,18.0,0.7000622547553268,0.8439,0.008835523334843609,0.0
332,2010-09-30,0.9671,0.9623599069570734,AUDUSD,-0.01103,-0.022073,-2.2494657518839276e-07,19.0,0.7040447395511877,0.9671,0.07491386017561408,0.1459888612394833
333,2010-10-29,0.9835,0.9525902668759811,AUDUSD,-0.01094,-0.021872,-2.2291076881924167e-07,20.0,0.7083886521984777,0.9671,0.0736899563318778,0.1459888612394833
334,2010-11-30,0.9588,0.9477301124531444,AUDUSD,-0.010673,-0.021269999999999997,-2.3590469450342063e-07,21.0,0.7105496413536463,0.9671,0.0680628272251309,0.1459888612394833
335,2010-12-31,1.0233,0.9526523000414423,AUDUSD,-0.01152,-0.02345,-2.1015025743406536e-07,22.0,0.7083610701535137,0.9671,0.1578411405295317,0.1459888612394833
336,2011-01-31,0.9974,0.942110655737705,AUDUSD,-0.011036,-0.022466999999999997,-2.2138587558113791e-07,23.0,0.7130482420077623,0.9671,0.11391556846102291,0.1459888612394833
337,2011-02-28,1.0186,0.9307622228970543,AUDUSD,-0.011609999999999999,-0.023841,-2.137665669089354e-07,24.0,0.7180941393524176,0.9671,0.11055385957261232,0.1459888612394833
338,2011-03-31,1.0329,0.9283732910639984,AUDUSD,-0.011713,-0.023076,-2.2033711578715435e-07,25.0,0.7191563393021587,0.9671,0.11749432002596549,0.1459888612394833
339,2011-04-29,1.0971,0.9141547166130133,AUDUSD,-0.012754999999999999,-0.025533,-1.9774569903104606e-07,26.0,0.7254783987507563,0.9671,0.2969618158174725,0.1459888612394833
340,2011-05-31,1.0672,0.9061110036743376,AUDUSD,-0.01252,-0.02486,-2.0267531414673695e-07,27.0,0.7290549057740912,0.9671,0.2692673644148429,0.1459888612394833
341,2011-06-30,1.0722,0.915331585590834,AUDUSD,-0.012395,-0.02445,-2.094767271356152e-07,28.0,0.7249551229704281,0.9671,0.18579960185799616,0.1459888612394833
342,2011-07-29,1.0993,0.9124963701480979,AUDUSD,-0.012705,-0.024827000000000002,-2.1028283040689729e-07,29.0,0.7262157557181306,0.9671,0.23433640242533116,0.1459888612394833
343,2011-08-31,1.0707,0.9172017902315626,AUDUSD,-0.011805,-0.021842,-2.499937501562461e-07,30.0,0.7241235666874486,0.9671,0.10712439251370087,0.0
344,2011-09-30,0.9662,0.8980718922585021,AUDUSD,-0.010490000000000001,-0.018969,-2.946636414532811e-07,31.0,0.7326293668046264,0.9671,-0.017590238942552183,0.0
345,2011-10-31,1.053,0.9042044678567944,AUDUSD,-0.01145,-0.021019,-2.528700753552825e-07,32.0,0.7299026161279625,1.053,0.0982478097622026,0.08882225209388883
346,2011-11-30,1.0283,0.9023559190031153,AUDUSD,-0.010503,-0.01896,-3.002101471029721e-07,33.0,0.7307245435150491,1.053,0.004886152643408526,0.08882225209388883
347,2011-12-30,1.0209,0.9153454687805832,AUDUSD,-0.010158,-0.01845,-3.0211480362537766e-07,34.0,0.7249489500343694,1.053,0.023561259274112567,0.08882225209388883
348,2012-01-31,1.0621,0.9081464219827168,AUDUSD,-0.010247,-0.019727,-2.677376171352075e-07,35.0,0.7281498899025849,1.053,0.04270567445513462,0.08882225209388883
349,2012-02-29,1.0732,0.9034096397179562,AUDUSD,-0.011141,-0.02206,-2.384472316276408e-07,36.0,0.7302560236205684,1.053,0.039016361700067836,0.08882225209388883
350,2012-03-30,1.0346,0.8834033613445379,AUDUSD,-0.010295,-0.01977,-2.657666037685705e-07,37.0,0.7391514921260751,1.053,-0.05696837116033182,0.08882225209388883
351,2012-04-30,1.0429,0.881635375964929,AUDUSD,-0.009746,-0.018511,-2.873976145997988e-07,38.0,0.7399375982658059,1.053,-0.022769865067466255,0.08882225209388883
352,2012-05-31,0.9734,0.8866206632164079,AUDUSD,-0.00746,-0.013423,-4.1279669762641895e-07,39.0,0.7377209708197259,1.053,-0.09214698750233163,0.08882225209388883
353,2012-06-29,1.0238,0.8944923047139676,AUDUSD,-0.008545,-0.016145,-3.352891869237217e-07,40.0,0.7342209725831115,1.053,-0.06868006913490399,0.08882225209388883
354,2012-07-31,1.0503,0.8967491508976225,AUDUSD,-0.008665,-0.01677,-3.179650238473768e-07,41.0,0.733217502383719,1.053,-0.01905295601008683,0.08882225209388883
355,2012-08-31,1.0322,0.8861718450326045,AUDUSD,-0.008475,-0.01614,-3.284072249589491e-07,42.0,0.7379205305751289,1.053,0.06830883874974125,0.08882225209388883
356,2012-09-28,1.0378,0.869623017757098,AUDUSD,-0.00809,-0.015390000000000001,-3.453038674033149e-07,43.0,0.7452786993001992,1.053,-0.014434947768281026,0.0
357,2012-10-31,1.0376,0.87094626723728,AUDUSD,-0.007568000000000001,-0.0144,-3.5819184755354967e-07,44.0,0.7446903377940668,1.053,0.009044053291840992,0.0
358,2012-11-30,1.0428,0.8822736030828516,AUDUSD,-0.007281999999999999,-0.014369999999999999,-3.56696985910469e-07,45.0,0.7396538208874812,1.0428,0.021451660299735664,-0.009686609686609726
359,2012-12-31,1.0394,0.8841056399342169,AUDUSD,-0.006845,-0.013293000000000001,-3.8865137971239796e-07,46.0,0.7388392352954952,1.0428,-0.0213727520949063,-0.009686609686609726
360,2013-01-31,1.0425,0.8804431599229288,AUDUSD,-0.006943,-0.013680000000000001,-3.736222678871661e-07,47.0,0.7404676978703112,1.0428,-0.028606038017144897,-0.009686609686609726
361,2013-02-28,1.0215,0.8687262357414448,AUDUSD,-0.006995,-0.013529,-3.859662665483037e-07,48.0,0.7456774389372096,1.0428,-0.012661898318190534,-0.009686609686609726
362,2013-03-29,1.0419,0.862144628887617,AUDUSD,-0.0070799999999999995,-0.01411,-3.5925992455541585e-07,49.0,0.7486038441081804,1.0428,-0.0009588647041901543,-0.009686609686609726
363,2013-04-30,1.0371,0.8643711142993784,AUDUSD,-0.0069700000000000005,-0.013633000000000001,-3.8767202946307427e-07,50.0,0.7476138733355749,1.0428,0.06544072323813421,-0.009686609686609726
364,2013-05-31,0.9571,0.8643711142993784,AUDUSD,-0.006175,-0.01184,-4.4014084507042265e-07,51.0,0.7476138733355749,1.0428,-0.06514944325063499,-0.009686609686609726
365,2013-06-28,0.9138,0.8834449760765549,AUDUSD,-0.00606,-0.011609999999999999,-4.555393586005831e-07,52.0,0.7391329888077109,1.0428,-0.1299628677520709,-0.009686609686609726
366,2013-07-31,0.8982,0.8830224772835963,AUDUSD,-0.0055850000000000006,-0.010595,-4.955401387512388e-07,53.0,0.7393208460711275,1.0428,-0.12981980236388302,-0.009686609686609726
367,2013-08-30,0.8901,0.8802440884820747,AUDUSD,-0.0052179999999999995,-0.010145,-5.028916268544129e-07,54.0,0.7405562117707684,1.0428,-0.14232029292734638,-0.009686609686609726
368,2013-09-30,0.9317,0.880729564553094,AUDUSD,-0.005515,-0.010731000000000001,-4.7092064987049683e-07,55.0,0.7403403526779714,1.0428,-0.10206245181187368,-0.009686609686609726
369,2013-10-31,0.9456,0.8835137465274452,AUDUSD,-0.005707,-0.011214,-4.421843908910016e-07,56.0,0.7391024111376123,1.0428,-0.09321058688147288,0.0
370,2013-11-29,0.9108,0.8881078478574869,AUDUSD,-0.005293,-0.010675,-4.6040515653775325e-07,57.0,0.7370597181924422,1.0428,-0.12372522609197623,0.0
371,2013-12-31,0.8917,0.9000192086054551,AUDUSD,-0.00527,-0.01055,-4.6816479400749063e-07,58.0,0.7317635240471052,0.8917,-0.14465227817745796,-0.14489835059455303
372,2014-01-31,0.8756,0.8953755016243072,AUDUSD,-0.005255,-0.010525,-4.748338081671415e-07,59.0,0.7338282733437304,0.8917,-0.14282917278511997,-0.14489835059455303
373,2014-02-28,0.8924,0.8907794676806082,AUDUSD,-0.005489,-0.010853,-4.654626698938745e-07,60.0,0.7358718255943446,0.8917,-0.14348785871964687,-0.14489835059455303
374,2014-03-31,0.9264,0.9091167013429166,AUDUSD,-0.005736,-0.011493999999999999,-4.337453914552157e-07,61.0,0.7277184708585678,0.8917,-0.10673994793173269,-0.14489835059455303
375,2014-04-30,0.9287,0.9031379180759113,AUDUSD,-0.006035,-0.011755,-4.268032437046522e-07,62.0,0.7303768402594234,0.8917,-0.029672970431511847,-0.14489835059455303
376,2014-05-30,0.931,0.9044975536319156,AUDUSD,-0.005898,-0.011675,-4.3239503610498547e-07,63.0,0.7297723002724424,0.8917,0.01882249945283454,-0.14489835059455303
377,2014-06-30,0.9433,0.9027098231087692,AUDUSD,-0.006115,-0.012045,-4.3140638481449516e-07,64.0,0.7305671857712922,0.8917,0.050211534179469997,-0.14489835059455303
378,2014-07-31,0.9295,0.9017764827521383,AUDUSD,-0.0058850000000000005,-0.011653,-4.483299708585519e-07,65.0,0.7309821804840699,0.8917,0.0442646893607459,-0.14489835059455303
379,2014-08-29,0.9339,0.9017764827521383,AUDUSD,-0.0058850000000000005,-0.011595000000000001,-4.463289444320464e-07,66.0,0.7309821804840699,0.8917,0.0023612750885477762,-0.14489835059455303
380,2014-09-30,0.8747,0.9080709032623043,AUDUSD,-0.00572,-0.011309999999999999,-4.564125969876769e-07,67.0,0.7281834680817176,0.8917,-0.07497884940778343,-0.14489835059455303
381,2014-10-31,0.8798,0.9173254595675779,AUDUSD,-0.0057,-0.011256,-4.5516613563950847e-07,68.0,0.7240685791148931,0.8917,-0.03403601229688191,-0.14489835059455303
382,2014-11-28,0.8506,0.9273952816562351,AUDUSD,-0.005495,-0.01105,-4.7460844803037494e-07,69.0,0.7195911953869569,0.8917,-0.04609173488841545,0.0
383,2014-12-31,0.8175,0.9714453929938182,AUDUSD,-0.005435,-0.01026,-5.425935973955507e-07,70.0,0.7000050249481726,0.8917,-0.06635449977158525,0.0
384,2015-01-30,0.7762,0.9929789368104313,AUDUSD,-0.00445,-0.008655,-6.257822277847309e-07,71.0,0.6904304825341704,0.7762,-0.13021066786194524,-0.12952786811707984
385,2015-02-27,0.7808,0.9907926341072858,AUDUSD,-0.004063000000000001,-0.007696,-7.312614259597806e-07,72.0,0.6914025867144848,0.7762,-0.157167530224525,-0.12952786811707984
386,2015-03-31,0.7607,0.9921275535625312,AUDUSD,-0.003839,-0.00717,-7.908264136022143e-07,73.0,0.6908090363424525,0.7762,-0.18089802950360712,-0.12952786811707984
387,2015-04-30,0.7905,0.9948041566746603,AUDUSD,-0.003949,-0.0075780000000000005,-7.197351374694113e-07,74.0,0.6896189280053957,0.7762,-0.15091299677765846,-0.12952786811707984
388,2015-05-29,0.7645,0.9815636399487331,AUDUSD,-0.003781,-0.00727,-7.544322897019993e-07,75.0,0.6955061098856904,0.7762,-0.18954733382805056,-0.12952786811707984
389,2015-06-30,0.7707,0.9696493468225125,AUDUSD,-0.00381,-0.007495,-7.292350324509589e-07,76.0,0.7008036078656489,0.7762,-0.17084454007530925,-0.12952786811707984
390,2015-07-31,0.7308,0.971749187912196,AUDUSD,-0.003561,-0.00675,-8.264462809917356e-07,77.0,0.6998699474450947,0.7762,-0.21747510440089945,-0.12952786811707984
391,2015-08-31,0.7113,0.9795594363961103,AUDUSD,-0.0032649999999999997,-0.0061600000000000005,-9.095043201455207e-07,78.0,0.6963972466202801,0.7762,-0.18680690522464838,-0.12952786811707984
392,2015-09-30,0.7018,1.0144971307762005,AUDUSD,-0.00345,-0.00642,-8.722197993894461e-07,79.0,0.6808627651833905,0.7762,-0.20231870879745406,-0.12952786811707984
393,2015-10-30,0.7138,1.0178787878787878,AUDUSD,-0.003211,-0.00592,-9.442870632672332e-07,80.0,0.67935916597863,0.7762,-0.1608276510698331,-0.12952786811707984
394,2015-11-30,0.7227,1.0223191640458558,AUDUSD,-0.0033200000000000005,-0.006352,-8.730574471800244e-07,81.0,0.6773848244439629,0.7762,-0.1159633027522936,-0.12952786811707984
395,2015-12-31,0.7286,1.0360221674876848,AUDUSD,-0.0032450000000000005,-0.006082,-9.296272194849865e-07,82.0,0.6712920053162634,0.7762,-0.061324400927595946,0.0
396,2016-01-29,0.7084,1.0423335054207539,AUDUSD,-0.003,-0.005795000000000001,-9.186954524575105e-07,83.0,0.6684857708550945,0.7762,-0.09272540983606559,0.0
397,2016-02-29,0.7141,1.0481777593188661,AUDUSD,-0.00294,-0.00563,-9.773260359655983e-07,84.0,0.6658872177649848,0.7141,-0.061259366373077495,-0.08000515331100233
398,2016-03-31,0.7657,1.037979923419228,AUDUSD,-0.003193,-0.00617,-8.710801393728225e-07,85.0,0.670421520766091,0.7141,-0.03137254901960773,-0.08000515331100233
399,2016-04-29,0.7603,1.0310444078947367,AUDUSD,-0.00286,-0.00548,-9.925558312655086e-07,86.0,0.6735052857105764,0.7141,-0.005493786788750787,-0.08000515331100233
400,2016-05-31,0.7234,1.0231561766806079,AUDUSD,-0.002325,-0.004379999999999999,-1.2779552715654952e-06,87.0,0.6770126602966798,0.7141,-0.0613727779940314,-0.08000515331100233
401,2016-06-30,0.7451,1.0089944416371905,AUDUSD,-0.002455,-0.004804999999999999,-1.0976948408342483e-06,88.0,0.6833094470208628,0.7141,0.019567597153804073,-0.08000515331100233
402,2016-07-29,0.7596,1.010117361392149,AUDUSD,-0.0022129999999999997,-0.00417,-1.32013201320132e-06,89.0,0.6828101588910067,0.7141,0.06790383804301992,-0.08000515331100233
403,2016-08-31,0.7517,1.0150467669784466,AUDUSD,-0.00165,-0.003074,-1.773049645390071e-06,90.0,0.6806183783246601,0.7141,0.07110287831290973,-0.08000515331100233
404,2016-09-30,0.7664,1.034776437189496,AUDUSD,-0.0015789999999999999,-0.003125,-1.646090534979424e-06,91.0,0.6718458991703357,0.7141,0.07369010927430653,-0.08000515331100233
405,2016-10-31,0.7609,1.030909090909091,AUDUSD,-0.001695,-0.003195,-1.6155088852988692e-06,92.0,0.6735654522223886,0.7141,0.05285734052857349,-0.08000515331100233
406,2016-11-30,0.7385,1.0337283500455787,AUDUSD,-0.00161,-0.00309,-1.7316017316017317e-06,93.0,0.6723119141885077,0.7141,0.013587702443041527,-0.08000515331100233
407,2016-12-30,0.7208,1.0410654827968924,AUDUSD,-0.0015550000000000002,-0.003065,-1.7746228926353149e-06,94.0,0.669049576631676,0.7141,0.017504234895539206,-0.08000515331100233
408,2017-01-31,0.7585,1.0314905528341498,AUDUSD,-0.001568,-0.002955,-1.9275250578257516e-06,95.0,0.6733069145701092,0.7141,0.06217616580310881,0.0
409,2017-02-28,0.7657,1.0282012954658697,AUDUSD,-0.001465,-0.0026780000000000003,-2.2321428571428573e-06,96.0,0.6747694297255975,0.7141,0.0,0.0
410,2017-03-31,0.7629,1.0235539654144303,AUDUSD,-0.001255,-0.002317,-2.4479804161566704e-06,97.0,0.6768357899619022,0.7629,0.003419702748914899,0.0683377678196333
411,2017-04-28,0.7488,1.0186943620178042,AUDUSD,-0.00114,-0.0020050000000000003,-2.8612303290414873e-06,98.0,0.6789965341121673,0.7629,0.035111971246889695,0.0683377678196333
412,2017-05-31,0.743,1.020309094511591,AUDUSD,-0.001008,-0.001775,-3.225806451612903e-06,99.0,0.6782785693925331,0.7629,-0.002818413635753525,0.0683377678196333
413,2017-06-30,0.7689,1.0306627101879329,AUDUSD,-0.000895,-0.0017649999999999999,-2.958579881656805e-06,100.0,0.6736750014301183,0.7629,0.012243285939968374,0.0683377678196333
414,2017-07-31,0.8003,1.0322964137111155,AUDUSD,-0.00093,-0.00182,-2.911208151382824e-06,101.0,0.6729486015487132,0.7629,0.0646534521750699,0.0683377678196333
415,2017-08-31,0.7947,1.0261965727792002,AUDUSD,-0.000898,-0.0018,-2.5806451612903224e-06,102.0,0.6756607972847551,0.7629,0.03692588726513568,0.0683377678196333
416,2017-09-29,0.7834,1.0034253278528087,AUDUSD,-0.0008349999999999999,-0.0015480000000000001,-3.2206119162640898e-06,103.0,0.6857856635039032,0.7629,0.029570245761598057,0.0683377678196333
417,2017-10-31,0.7656,1.0001951029167886,AUDUSD,-0.000606,-0.001023,-6.0240963855421675e-06,104.0,0.6872219308419728,0.7629,0.036696005416384514,0.0683377678196333
418,2017-11-30,0.7566,0.9949539058709365,AUDUSD,-0.00036,-0.00054,-2e-05,105.0,0.6895523444442587,0.7629,0.04966703662597127,0.0683377678196333
419,2017-12-29,0.7809,0.9935984481086324,AUDUSD,-0.000167,-0.00023799999999999998,-7.407407407407407e-05,106.0,0.6901550268427572,0.7629,0.029531970995385848,0.0683377678196333
420,2018-01-31,0.8055,0.986897880539499,AUDUSD,-8.499999999999999e-05,0.000135,9.70873786407767e-06,107.0,0.6931343259741459,0.7629,0.05197858168995673,0.0683377678196333
421,2018-02-28,0.7762,0.982355197545071,AUDUSD,0.000165,0.000725,4.789272030651341e-06,108.0,0.6951541565869763,0.7629,0.017433477519989582,0.0
422,2018-03-30,0.7679,0.979818268770923,AUDUSD,0.000188,0.000695,4.608294930875576e-06,109.0,0.6962821609858918,0.7629,0.02550747863247871,0.0
423,2018-04-30,0.753,0.9733016627078385,AUDUSD,0.000336,0.000968,3.696857670979667e-06,110.0,0.6991796646052548,0.753,0.013458950201884257,-0.012976799056232835
424,2018-05-31,0.7568,0.9614265603003285,AUDUSD,0.00045999999999999996,0.00112,3.502626970227671e-06,111.0,0.7044597370652095,0.753,-0.01573676680972813,-0.012976799056232835
425,2018-06-29,0.7405,0.9640886561301786,AUDUSD,0.00020800000000000001,0.0007599999999999999,3.838771593090211e-06,112.0,0.7032760791568733,0.753,-0.07472197925777824,-0.012976799056232835
426,2018-07-31,0.7424,0.9636380631893812,AUDUSD,0.000317,0.00095,3.6589828027808273e-06,113.0,0.7034764280293049,0.753,-0.065810997860828,-0.012976799056232835
427,2018-08-31,0.7189,0.9656238291494942,AUDUSD,0.000205,0.000805,3.710575139146568e-06,114.0,0.7025934892723913,0.753,-0.08233341843247388,-0.012976799056232835
428,2018-09-28,0.7224,0.9748551131052533,AUDUSD,0.00054,0.00143,2.4390243902439023e-06,115.0,0.6984889479798464,0.753,-0.056426332288401104,-0.012976799056232835
429,2018-10-31,0.7073,0.9685178306092125,AUDUSD,0.000825,0.0018899999999999998,2.0491803278688526e-06,116.0,0.7013067182718429,0.753,-0.06515992598466824,-0.012976799056232835
